id;customer;address;price;comment
O-001;Іван Франко;вул. Личаківська 1;150.50;Залишити біля дверей
O-002;Леся Українка;вул. Зелена 15;200.00;
O-003;Тарас Шевченко;просп. Свободи 10;350.75;Подзвонити за 10 хв
O-004;Марко Вовчок;вул. Городоцька 55;99.99;
O-005;Григорій Сковорода;вул. Наукова 2;500.00;Обережно крихке
O-006;Михайло Коцюбинський;вул. Стрийська 100;120.00;
O-007;Пантелеймон Куліш;вул. Антоновича 22;85.50;
O-008;Іван Нечуй-Левицький;вул. Франка 33;410.20;
O-009;Ольга Кобилянська;вул. Бандери 12;300.00;
O-010;Василь Стус;вул. Пекарська 4;150.00;
O-011;;вул. Чорновола 5;200.00;Помилка: порожнє ім'я
O-012;Павло Тичина;вул. Садова 8;-50.00;Помилка: від'ємна ціна
O-013;Остап Вишня;вул. Кульпарківська;Помилка: мало колонок